tumor,include
adenocarcinoma,ns
adenocarcinomas,ns
adenoma,ns
adenomas,ns
adenomyoepithelioma,ns
ameloblastoma,tooth
angiomas,ns
angiomyolipoma,ns
angiomyolipomas,ns
angiosarcomas,ns
astrocytoma,neural
astroglioma,neural
blastoma,ns
cancer,ns
cancers,ns
carcinogenesis,ns
carcinoid,neuroendocrine
carcinoids,ns
carcinoma,ns
carcinomas,ns
carcinosarcoma,ns
cholangiocarcinoma,bile duct
cholangiocarcinomas,bile duct
chondrosarcoma,bone
chondrosarcomas,bone
chordoma,spine
chordomas,spine
choriocarcinoma,uterus
choristoma,ns
choristomas,ns
craniopharyngioma,brain
dermatofibrosarcoma,dermal
ependymoma,neural
fibroadenomas,mammary
fibrosarcoma,bone
ganglioneuroma,nerve
ganglioneuromas,nerve
gastrinoma,neuroendocrine
gastrinomas,neuroendocrine
glioblastoma,neural
glioblastomas,neural
glioma,neural
gliomas,neural
hamartoma,ns
hamartomas,ns
hepatoblastoma,liver
hepatoblastomas,liver
hepatocarcinoma,liver
hepatoma,liver
insulinoma,pancreas
leiomyomas,muscle
leukemia,blood
leiomyosarcoma,muscle
lipofibroadenoma,thymus
liposarcoma,ns
lymphoma,lymphatic
lymphomas,lymphatic
medulloblastoma,brain
melanoma,dermal
melanomas,dermal
meningioma,neural
meningiomas,neural
mesothelioma,ns
microadenoma,ns
microadenomas,ns
myeloma,blood
myelomas,blood
myoepithelioma,salivary gland
myomas,uterus
myxofibrosarcoma,ns
neoplasm,ns
neoplasms,ns
neoplastic,ns
nephroblastoma,kidney
nephromas,kidney
neuroblastoma,nerve
neuroblastomas,nerve
neurofibroma,nerve
oligodendroglioma,neural
oligodendrogliomas,neural
oncocytoma,ns
oncocytomas,ns
oncogenesis,ns
oncology,ns
osteosarcoma,bone
osteosarcomas,bone
paraganglioma,neuroendocrine
paragangliomas,neuroendocrine
perineurioma,nerve
pheochromocytoma,adrenal
plasmacytoma,blood
porocarcinoma,sweat gland
prolactinoma,pituitary
pseudomyxoma,ns
retinoblastoma,retina
retinoblastomas,retina
retinoma,retina
rhabdomyosarcoma,ns
rhabdomyosarcomas,ns
sarcoma,ns
sarcomas,ns
schwannoma,nerve
schwannomas,nerve
sialolipoma,salivary gland
sialolipomas,salivary gland
syringocystadenoma,sweat gland
teratoma,ns
teratomas,ns
thymolipoma,thymus
thymolipomas,thymus
thymoma,thymus
thymomas,thymus
thyroblastoma,thyroid
trichoadenoma,hair follicle
tumor,ns
tumors,ns
tumour,ns
tumours,ns